mme_acc,0.625
mme_count_q,40
mme_acc_plus,0.25
mme_count_pair,20
end2end_ms_p50,261.7434844970703
end2end_ms_p95,271.17798919677733
end2end_ms_avg,262.7345512390137
load_ms_p50,0.5247545000202081
load_ms_p95,0.6961465003541889
load_ms_avg,0.539900624994516
num_new_tokens_ms_p50,4.0
num_new_tokens_ms_p95,4.0
num_new_tokens_ms_avg,4.0
preprocess_ms_p50,12.079033500185687
preprocess_ms_p95,13.275084149950086
preprocess_ms_avg,12.210035600014635
e2e_avg(ms),262.7345512390137
