exact_match,0.4
count,40
vqa_soft_acc,0.1333333333333333
end2end_ms_p50,209.21207427978516
end2end_ms_p95,212.90867919921874
end2end_ms_avg,209.6674934387207
load_ms_p50,1.446126000246295
load_ms_p95,1.818918749995644
load_ms_avg,1.4278710750886603
num_new_tokens_ms_p50,3.0
num_new_tokens_ms_p95,3.0
num_new_tokens_ms_avg,3.0
preprocess_ms_p50,11.846798500300793
preprocess_ms_p95,13.303016349664174
preprocess_ms_avg,11.877721200107771
e2e_avg(ms),209.6674934387207
