exact_match,0.4
count,40
vqa_soft_acc,0.1333333333333333
end2end_ms_p50,207.11377716064453
end2end_ms_p95,211.16774291992186
end2end_ms_avg,207.54525260925294
load_ms_p50,1.7710870000087198
load_ms_p95,3.235814999993636
load_ms_avg,1.9407982500098342
num_new_tokens_ms_p50,3.0
num_new_tokens_ms_p95,3.0
num_new_tokens_ms_avg,3.0
preprocess_ms_p50,11.587572499990983
preprocess_ms_p95,13.494019050028783
preprocess_ms_avg,11.697685825009785
e2e_avg(ms),207.54525260925294
