exact_match,0.0
count,40
vqa_soft_acc,0.0
end2end_ms_p50,279.0941467285156
end2end_ms_p95,288.18326568603516
end2end_ms_avg,281.0277229309082
load_ms_p50,0.5675394995705574
load_ms_p95,0.7316985994293645
load_ms_avg,0.5824213748383045
num_new_tokens_ms_p50,4.0
num_new_tokens_ms_p95,4.0
num_new_tokens_ms_avg,4.0
preprocess_ms_p50,12.294754000322428
preprocess_ms_p95,13.424472950191554
preprocess_ms_avg,12.36085179998554
e2e_avg(ms),281.0277229309082
