mme_acc,0.525
mme_count_q,40
mme_acc_plus,0.1
mme_count_pair,20
end2end_ms_p50,212.73590850830078
end2end_ms_p95,226.22226486206054
end2end_ms_avg,214.5849182128906
load_ms_p50,1.4142080008241464
load_ms_p95,2.2016096008883252
load_ms_avg,1.561675375160121
num_new_tokens_ms_p50,3.0
num_new_tokens_ms_p95,3.0
num_new_tokens_ms_avg,3.0
preprocess_ms_p50,13.122029999976803
preprocess_ms_p95,15.280082049685
preprocess_ms_avg,13.162725724987467
e2e_avg(ms),214.5849182128906
