exact_match,0.8
count,60
vqa_soft_acc,0.26666666666666683
end2end_ms_p50,206.96862030029297
end2end_ms_p95,209.65864639282228
end2end_ms_avg,207.13716735839844
load_ms_p50,2.102554999964923
load_ms_p95,2.6882729503086007
load_ms_avg,2.12545276669213
num_new_tokens_ms_p50,3.0
num_new_tokens_ms_p95,3.0
num_new_tokens_ms_avg,3.0
preprocess_ms_p50,13.99975199956316
preprocess_ms_p95,14.596379150225403
preprocess_ms_avg,13.85228848330371
e2e_avg(ms),207.13716735839844
