exact_match,0.855
count,400
vqa_soft_acc,0.28499999999999864
end2end_ms_p50,207.26294708251953
end2end_ms_p95,211.87399291992188
end2end_ms_avg,208.53226779937745
load_ms_p50,3.3563629986019805
load_ms_p95,4.38399424747331
load_ms_avg,3.3719048804232443
num_new_tokens_ms_p50,3.0
num_new_tokens_ms_p95,3.0
num_new_tokens_ms_avg,3.0175
preprocess_ms_p50,15.592480500345118
preprocess_ms_p95,16.771308749594027
preprocess_ms_avg,15.522421642308473
e2e_avg(ms),208.53226779937745
