exact_match,0.855
count,400
vqa_soft_acc,0.28499999999999864
end2end_ms_p50,209.22898864746094
end2end_ms_p95,215.87818756103513
end2end_ms_avg,210.69720928192137
load_ms_p50,3.541483499247988
load_ms_p95,4.5975584002007945
load_ms_avg,3.5359497424451547
num_new_tokens_ms_p50,3.0
num_new_tokens_ms_p95,3.0
num_new_tokens_ms_avg,3.0175
preprocess_ms_p50,16.258224000921473
preprocess_ms_p95,17.22798825148856
preprocess_ms_avg,16.17977692500972
e2e_avg(ms),210.69720928192137
