end2end_ms_avg,end2end_ms_p50,end2end_ms_p95,pope_acc,pope_f1,pope_precision,pope_recall,variant
671.835923441569,836.0334167480469,1183.7752563476563,0.8686666666666667,0.8538575667655786,0.9623745819397993,0.7673333333333333,random
575.6628903299968,827.1608581542969,1179.4496643066404,0.8526666666666667,0.838803792851933,0.9259259259259259,0.7666666666666667,popular
677.0704967193603,840.8626708984375,1190.4343627929686,0.825,0.8142907675981605,0.8673700075357951,0.7673333333333333,adversarial
