mme_acc,0.575
mme_count_q,40
mme_acc_plus,0.2
mme_count_pair,20
end2end_ms_p50,180.7724380493164
end2end_ms_p95,181.85482330322264
end2end_ms_avg,180.33915100097656
load_ms_p50,1.341053495707456
load_ms_p95,2.073316750465885
load_ms_avg,1.4844402250673738
num_new_tokens_ms_p50,3.0
num_new_tokens_ms_p95,3.0
num_new_tokens_ms_avg,3.0
preprocess_ms_p50,13.042561498878058
preprocess_ms_p95,15.08741910438402
preprocess_ms_avg,12.94772542478313
e2e_avg(ms),180.33915100097656
