end2end_ms_avg,end2end_ms_p50,end2end_ms_p95,pope_acc,pope_f1,pope_precision,pope_recall,variant
544.0007375996908,787.6929016113281,1139.0186584472656,0.8053333333333333,0.7648953301127214,0.9654471544715447,0.6333333333333333,random
460.23372387695315,172.82129669189453,935.3061157226562,0.8046666666666666,0.7642799678197908,0.9634888438133874,0.6333333333333333,popular
532.64524853007,786.2332763671875,1133.4630371093751,0.783,0.7448059584476676,0.9039010466222646,0.6333333333333333,adversarial
