mme_acc,0.865
mme_count_q,400
mme_acc_plus,0.75
mme_count_pair,200
end2end_ms_p50,193.79496002197266
end2end_ms_p95,199.7168434143066
end2end_ms_avg,194.91968551635742
load_ms_p50,2.4773684999672696
load_ms_p95,3.0620459500823918
load_ms_avg,2.5175566575069297
num_new_tokens_ms_p50,3.0
num_new_tokens_ms_p95,3.0
num_new_tokens_ms_avg,3.005
preprocess_ms_p50,14.808982499971535
preprocess_ms_p95,16.02385350001896
preprocess_ms_avg,14.957795335012634
e2e_avg(ms),194.91968551635742
