mme_acc,0.86
mme_count_q,400
mme_acc_plus,0.735
mme_count_pair,200
end2end_ms_p50,213.20873260498047
end2end_ms_p95,220.06596069335936
end2end_ms_avg,213.25111602783204
load_ms_p50,2.495315000487608
load_ms_p95,3.081614450093183
load_ms_avg,2.5091212799588902
num_new_tokens_ms_p50,3.0
num_new_tokens_ms_p95,3.0
num_new_tokens_ms_avg,3.0
preprocess_ms_p50,14.96395400045003
preprocess_ms_p95,16.114240101069292
preprocess_ms_avg,15.056065435042001
e2e_avg(ms),213.25111602783204
