end2end_ms_avg,end2end_ms_p50,end2end_ms_p95,pope_acc,pope_f1,pope_precision,pope_recall,variant
669.5330236409505,833.7205810546875,1180.56953125,0.8686666666666667,0.8538575667655786,0.9623745819397993,0.7673333333333333,random
577.2718165232341,827.3490600585938,1180.5178344726562,0.8526666666666667,0.838803792851933,0.9259259259259259,0.7666666666666667,popular
673.489621576945,837.1122741699219,1184.9976440429687,0.8253333333333334,0.8147100424328148,0.8674698795180723,0.768,adversarial
