exact_match,0.4
count,40
vqa_soft_acc,0.1333333333333333
end2end_ms_p50,206.3077163696289
end2end_ms_p95,211.82637329101564
end2end_ms_avg,207.29165840148926
load_ms_p50,1.4132044999541904
load_ms_p95,1.83007380002209
load_ms_avg,1.411796425020384
num_new_tokens_ms_p50,3.0
num_new_tokens_ms_p95,3.0
num_new_tokens_ms_avg,3.0
preprocess_ms_p50,11.607301500021094
preprocess_ms_p95,13.568504300053519
preprocess_ms_avg,11.727901449978617
e2e_avg(ms),207.29165840148926
