exact_match,0.4
count,40
vqa_soft_acc,0.1333333333333333
end2end_ms_p50,208.1946258544922
end2end_ms_p95,210.75505294799805
end2end_ms_avg,208.55230369567872
load_ms_p50,1.3879130001441808
load_ms_p95,1.7812162004702239
load_ms_avg,1.3883126499877108
num_new_tokens_ms_p50,3.0
num_new_tokens_ms_p95,3.0
num_new_tokens_ms_avg,3.0
preprocess_ms_p50,11.667566500364046
preprocess_ms_p95,13.417511750139964
preprocess_ms_avg,11.757518225158492
e2e_avg(ms),208.55230369567872
