exact_match,0.735
count,400
vqa_soft_acc,0.24499999999999922
end2end_ms_p50,203.31743621826172
end2end_ms_p95,209.15195083618164
end2end_ms_avg,203.98659854888916
load_ms_p50,6.938774500014233
load_ms_p95,10.600752450002913
load_ms_avg,7.1193973749994655
num_new_tokens_ms_p50,3.0
num_new_tokens_ms_p95,3.0
num_new_tokens_ms_avg,3.0025
preprocess_ms_p50,22.84552750001012
preprocess_ms_p95,31.137094400003203
preprocess_ms_avg,23.499092125000104
e2e_avg(ms),203.98659854888916
