mme_acc,0.8
mme_count_q,40
mme_acc_plus,0.6
mme_count_pair,20
end2end_ms_p50,207.86595153808594
end2end_ms_p95,210.00108032226564
end2end_ms_avg,207.78534355163575
load_ms_p50,1.303311000810936
load_ms_p95,8.661676602787205
load_ms_avg,4.1859554248731
num_new_tokens_ms_p50,3.0
num_new_tokens_ms_p95,3.0
num_new_tokens_ms_avg,3.0
preprocess_ms_p50,11.993261501629604
preprocess_ms_p95,32.28202794889482
preprocess_ms_avg,18.807633775395516
e2e_avg(ms),207.78534355163575
