mme_acc,0.35
mme_count_q,40
mme_acc_plus,0.05
mme_count_pair,20
end2end_ms_p50,213.91645050048828
end2end_ms_p95,284.75032196044924
end2end_ms_avg,224.79837226867676
load_ms_p50,1.3872555000489228
load_ms_p95,1.8074341001920384
load_ms_avg,1.3913603999753832
num_new_tokens_ms_p50,3.0
num_new_tokens_ms_p95,4.0
num_new_tokens_ms_avg,3.15
preprocess_ms_p50,11.618543000622594
preprocess_ms_p95,13.240222299918967
preprocess_ms_avg,11.706984650163577
e2e_avg(ms),224.79837226867676
