exact_match,0.8625
count,400
vqa_soft_acc,0.2874999999999986
end2end_ms_p50,206.23123168945312
end2end_ms_p95,210.45316314697266
end2end_ms_avg,206.3943027496338
load_ms_p50,3.135251999992761
load_ms_p95,4.555455250033446
load_ms_avg,3.2149491024983945
num_new_tokens_ms_p50,3.0
num_new_tokens_ms_p95,3.0
num_new_tokens_ms_avg,3.0
preprocess_ms_p50,14.825449999875673
preprocess_ms_p95,15.968052449875358
preprocess_ms_avg,14.97225312750004
e2e_avg(ms),206.3943027496338
