exact_match,0.8625
count,400
vqa_soft_acc,0.2874999999999986
end2end_ms_p50,207.92050170898438
end2end_ms_p95,211.2644950866699
end2end_ms_avg,207.99609550476075
load_ms_p50,2.346183500776533
load_ms_p95,2.9919083011918692
load_ms_avg,2.3633682922991284
num_new_tokens_ms_p50,3.0
num_new_tokens_ms_p95,3.0
num_new_tokens_ms_avg,3.0
preprocess_ms_p50,14.67237800170551
preprocess_ms_p95,15.802682497087517
preprocess_ms_avg,14.662089540161105
e2e_avg(ms),207.99609550476075
