end2end_ms_avg,end2end_ms_p50,end2end_ms_p95,pope_acc,pope_f1,pope_precision,pope_recall,variant
551.0358199106852,274.0601806640625,1173.99580078125,0.8276666666666667,0.7974931453192323,0.9667616334283001,0.6786666666666666,random
486.7164051767985,207.20435333251953,972.8013824462892,0.8203333333333334,0.7906796116504854,0.9469767441860465,0.6786666666666666,popular
548.965074025472,221.2869644165039,1036.7698364257812,0.797,0.7697542533081285,0.8890829694323145,0.6786666666666666,adversarial
