end2end_ms_avg,end2end_ms_p50,end2end_ms_p95,pope_acc,pope_f1,pope_precision,pope_recall,variant
271.5077125345866,211.162353515625,896.1291320800781,0.772,0.7099236641221374,0.9755244755244755,0.558,random
265.33409267171226,207.52582550048828,893.1581237792967,0.7706666666666667,0.7087214225232853,0.9709976798143851,0.558,popular
269.85014467875163,207.2840118408203,894.0856750488281,0.749,0.6897404202719407,0.9029126213592233,0.558,adversarial
