exact_match,0.8625
count,400
vqa_soft_acc,0.2874999999999986
end2end_ms_p50,207.61975860595703
end2end_ms_p95,212.42189025878906
end2end_ms_avg,207.8733475112915
load_ms_p50,2.486979499735753
load_ms_p95,3.0937270003960293
load_ms_avg,2.5191907074622577
num_new_tokens_ms_p50,3.0
num_new_tokens_ms_p95,3.0
num_new_tokens_ms_avg,3.0
preprocess_ms_p50,14.955540499613562
preprocess_ms_p95,16.109797549506762
preprocess_ms_avg,15.061307937448873
e2e_avg(ms),207.8733475112915
