exact_match,0.8625
count,400
vqa_soft_acc,0.2874999999999986
end2end_ms_p50,207.16268920898438
end2end_ms_p95,211.52150650024413
end2end_ms_avg,207.24875282287599
load_ms_p50,2.4817604999043397
load_ms_p95,3.0853383501380445
load_ms_avg,2.5158374400098182
num_new_tokens_ms_p50,3.0
num_new_tokens_ms_p95,3.0
num_new_tokens_ms_avg,3.0
preprocess_ms_p50,14.849695000066276
preprocess_ms_p95,16.178246150138875
preprocess_ms_avg,14.947060050009213
e2e_avg(ms),207.24875282287599
