mme_acc,0.525
mme_count_q,40
mme_acc_plus,0.15
mme_count_pair,20
end2end_ms_p50,210.75078582763672
end2end_ms_p95,218.85030822753905
end2end_ms_avg,211.58038787841798
load_ms_p50,1.378221499180654
load_ms_p95,2.1126008021383242
load_ms_avg,1.5340435997131863
num_new_tokens_ms_p50,3.0
num_new_tokens_ms_p95,3.0
num_new_tokens_ms_avg,3.0
preprocess_ms_p50,13.067948500975035
preprocess_ms_p95,15.470190001724399
preprocess_ms_avg,13.166616749549576
e2e_avg(ms),211.58038787841798
