mme_acc,0.6925
mme_count_q,400
mme_acc_plus,0.435
mme_count_pair,200
end2end_ms_p50,213.91185760498047
end2end_ms_p95,231.4103416442871
end2end_ms_avg,217.39373657226562
load_ms_p50,6.011153000144986
load_ms_p95,9.456432698425484
load_ms_avg,6.21913319248506
num_new_tokens_ms_p50,3.0
num_new_tokens_ms_p95,3.0
num_new_tokens_ms_avg,3.045
preprocess_ms_p50,22.905709500264493
preprocess_ms_p95,31.24703130097259
preprocess_ms_avg,23.566447317498387
e2e_avg(ms),217.39373657226562
