mme_acc,0.65
mme_count_q,40
mme_acc_plus,0.3
mme_count_pair,20
end2end_ms_p50,210.09856414794922
end2end_ms_p95,281.76219482421874
end2end_ms_avg,224.02705574035645
load_ms_p50,1.2833484979637433
load_ms_p95,8.268405350099652
load_ms_avg,4.153475700513809
num_new_tokens_ms_p50,3.0
num_new_tokens_ms_p95,4.0
num_new_tokens_ms_avg,3.2
preprocess_ms_p50,11.895680501766037
preprocess_ms_p95,31.926905404543206
preprocess_ms_avg,18.74559572461294
e2e_avg(ms),224.02705574035645
