mme_acc,0.625
mme_count_q,40
mme_acc_plus,0.35
mme_count_pair,20
end2end_ms_p50,281.0820770263672
end2end_ms_p95,288.65120391845704
end2end_ms_avg,282.35933074951174
load_ms_p50,0.5122859984112438
load_ms_p95,0.6837555993115528
load_ms_avg,0.5324108999047894
num_new_tokens_ms_p50,4.0
num_new_tokens_ms_p95,4.0
num_new_tokens_ms_avg,4.0
preprocess_ms_p50,12.180172001535539
preprocess_ms_p95,13.278384550358165
preprocess_ms_avg,12.204439724519034
e2e_avg(ms),282.35933074951174
