exact_match,0.8
count,40
vqa_soft_acc,0.2666666666666667
end2end_ms_p50,207.33859252929688
end2end_ms_p95,209.97017822265627
end2end_ms_avg,207.19831237792968
load_ms_p50,1.4157510004224605
load_ms_p95,8.820839550298707
load_ms_avg,4.3668053748660896
num_new_tokens_ms_p50,3.0
num_new_tokens_ms_p95,3.0
num_new_tokens_ms_avg,3.0
preprocess_ms_p50,12.394090499583399
preprocess_ms_p95,32.9144860006633
preprocess_ms_avg,19.234417424968342
e2e_avg(ms),207.19831237792968
