exact_match,0.8
count,40
vqa_soft_acc,0.2666666666666667
end2end_ms_p50,205.35804748535156
end2end_ms_p95,210.8588554382324
end2end_ms_avg,205.59351196289063
load_ms_p50,1.4113969999698384
load_ms_p95,8.916554549909817
load_ms_avg,4.47030112497373
num_new_tokens_ms_p50,3.0
num_new_tokens_ms_p95,3.0
num_new_tokens_ms_avg,3.0
preprocess_ms_p50,12.289044999988619
preprocess_ms_p95,33.087140450151914
preprocess_ms_avg,19.205255749989192
e2e_avg(ms),205.59351196289063
