exact_match,0.525
count,40
vqa_soft_acc,0.17499999999999993
end2end_ms_p50,206.0625228881836
end2end_ms_p95,214.44969635009767
end2end_ms_avg,206.8127571105957
load_ms_p50,1.7633154999998624
load_ms_p95,3.3036392000496977
load_ms_avg,2.0071820749990366
num_new_tokens_ms_p50,3.0
num_new_tokens_ms_p95,3.0
num_new_tokens_ms_avg,3.0
preprocess_ms_p50,13.220543000045382
preprocess_ms_p95,15.58289119996061
preprocess_ms_avg,13.30309074999434
e2e_avg(ms),206.8127571105957
