mme_acc,0.475
mme_count_q,40
mme_acc_plus,0.1
mme_count_pair,20
end2end_ms_p50,280.0264129638672
end2end_ms_p95,281.5134552001953
end2end_ms_avg,266.1140563964844
load_ms_p50,1.3577935023931786
load_ms_p95,1.7788006487535293
load_ms_avg,1.3724783495490556
num_new_tokens_ms_p50,4.0
num_new_tokens_ms_p95,4.0
num_new_tokens_ms_avg,3.8
preprocess_ms_p50,11.408746999222785
preprocess_ms_p95,13.087590799841564
preprocess_ms_avg,11.433464874971833
e2e_avg(ms),266.1140563964844
