mme_acc,0.75
mme_count_q,40
mme_acc_plus,0.5
mme_count_pair,20
end2end_ms_p50,212.45149993896484
end2end_ms_p95,216.90494003295896
end2end_ms_avg,212.58981704711914
load_ms_p50,1.443885499611497
load_ms_p95,8.600024800034447
load_ms_avg,4.412835574885321
num_new_tokens_ms_p50,3.0
num_new_tokens_ms_p95,3.0
num_new_tokens_ms_avg,3.0
preprocess_ms_p50,12.324118500146142
preprocess_ms_p95,32.888225299575126
preprocess_ms_avg,19.237329025190775
e2e_avg(ms),212.58981704711914
