exact_match,0.0
count,40
vqa_soft_acc,0.0
end2end_ms_p50,279.1932373046875
end2end_ms_p95,286.4013244628906
end2end_ms_avg,280.6447128295898
load_ms_p50,0.580670000090322
load_ms_p95,0.7436700006110186
load_ms_avg,0.5865959500169993
num_new_tokens_ms_p50,4.0
num_new_tokens_ms_p95,4.0
num_new_tokens_ms_avg,4.0
preprocess_ms_p50,12.30474400017556
preprocess_ms_p95,13.392372349971989
preprocess_ms_avg,12.34193807504198
e2e_avg(ms),280.6447128295898
