exact_match,0.855
count,400
vqa_soft_acc,0.28499999999999864
end2end_ms_p50,207.0501480102539
end2end_ms_p95,213.59174499511718
end2end_ms_avg,208.45799808502198
load_ms_p50,4.266471500045554
load_ms_p95,6.000915150008268
load_ms_avg,4.345423720000667
num_new_tokens_ms_p50,3.0
num_new_tokens_ms_p95,3.0
num_new_tokens_ms_avg,3.0175
preprocess_ms_p50,16.044237999949473
preprocess_ms_p95,17.083545499986027
preprocess_ms_avg,15.977743510001687
e2e_avg(ms),208.45799808502198
