exact_match,0.855
count,400
vqa_soft_acc,0.28499999999999864
end2end_ms_p50,209.12992095947266
end2end_ms_p95,215.04265518188475
end2end_ms_avg,210.63029708862305
load_ms_p50,3.5645134998958383
load_ms_p95,4.559196149693887
load_ms_avg,3.5384216150373504
num_new_tokens_ms_p50,3.0
num_new_tokens_ms_p95,3.0
num_new_tokens_ms_avg,3.0175
preprocess_ms_p50,16.035421999731625
preprocess_ms_p95,17.162518799477763
preprocess_ms_avg,15.951148427516273
e2e_avg(ms),210.63029708862305
