mme_acc,0.84
mme_count_q,400
mme_acc_plus,0.695
mme_count_pair,200
end2end_ms_p50,175.24689483642578
end2end_ms_p95,181.76217880249024
end2end_ms_avg,177.09316833496095
load_ms_p50,2.3172959990915842
load_ms_p95,2.941557698432007
load_ms_avg,2.3581260627906886
num_new_tokens_ms_p50,3.0
num_new_tokens_ms_p95,3.0
num_new_tokens_ms_avg,3.0
preprocess_ms_p50,14.547378501447383
preprocess_ms_p95,15.652998749646938
preprocess_ms_avg,14.541519575268467
e2e_avg(ms),177.09316833496095
