mme_acc,0.855
mme_count_q,400
mme_acc_plus,0.71
mme_count_pair,200
end2end_ms_p50,214.17042541503906
end2end_ms_p95,284.1230590820312
end2end_ms_avg,218.03885234832762
load_ms_p50,3.5180325003238977
load_ms_p95,4.471703598755994
load_ms_avg,3.4972173675032536
num_new_tokens_ms_p50,3.0
num_new_tokens_ms_p95,4.0
num_new_tokens_ms_avg,3.0625
preprocess_ms_p50,16.06983950114227
preprocess_ms_p95,17.265725649849625
preprocess_ms_avg,15.9970385025008
e2e_avg(ms),218.03885234832762
