mme_acc,0.845
mme_count_q,400
mme_acc_plus,0.69
mme_count_pair,200
end2end_ms_p50,194.03862762451172
end2end_ms_p95,264.1616409301758
end2end_ms_avg,205.24430225372313
load_ms_p50,3.5010930000680673
load_ms_p95,4.499995249921083
load_ms_avg,3.4976111274988853
num_new_tokens_ms_p50,3.0
num_new_tokens_ms_p95,4.0
num_new_tokens_ms_avg,3.1525
preprocess_ms_p50,16.050988999950278
preprocess_ms_p95,16.95897684990086
preprocess_ms_avg,15.959391010009085
e2e_avg(ms),205.24430225372313
