exact_match,0.735
count,400
vqa_soft_acc,0.24499999999999922
end2end_ms_p50,207.93707275390625
end2end_ms_p95,211.9635353088379
end2end_ms_avg,208.37474548339844
load_ms_p50,5.9935970001561145
load_ms_p95,9.222869550080755
load_ms_avg,6.213045102504111
num_new_tokens_ms_p50,3.0
num_new_tokens_ms_p95,3.0
num_new_tokens_ms_avg,3.0025
preprocess_ms_p50,22.793146500021066
preprocess_ms_p95,31.036971800085663
preprocess_ms_avg,23.42785834250492
e2e_avg(ms),208.37474548339844
