mme_acc,0.775
mme_count_q,400
mme_acc_plus,0.57
mme_count_pair,200
end2end_ms_p50,212.99437713623047
end2end_ms_p95,283.89263916015625
end2end_ms_avg,230.68518768310548
load_ms_p50,3.3812054934969638
load_ms_p95,4.44955630300683
load_ms_avg,3.3869076150404
num_new_tokens_ms_p50,3.0
num_new_tokens_ms_p95,4.0
num_new_tokens_ms_avg,3.255
preprocess_ms_p50,15.63483150312095
preprocess_ms_p95,16.971449650009163
preprocess_ms_avg,15.567474037579814
e2e_avg(ms),230.68518768310548
