exact_match,0.8
count,60
vqa_soft_acc,0.26666666666666683
end2end_ms_p50,204.99122619628906
end2end_ms_p95,208.1827079772949
end2end_ms_avg,205.27104797363282
load_ms_p50,2.0731854998530252
load_ms_p95,2.7165024000737503
load_ms_avg,2.139759016639194
num_new_tokens_ms_p50,3.0
num_new_tokens_ms_p95,3.0
num_new_tokens_ms_avg,3.0
preprocess_ms_p50,13.807723000013539
preprocess_ms_p95,14.452487300127359
preprocess_ms_avg,13.76328876668443
e2e_avg(ms),205.27104797363282
