exact_match,0.525
count,40
vqa_soft_acc,0.17499999999999993
end2end_ms_p50,206.94467163085938
end2end_ms_p95,215.64113693237303
end2end_ms_avg,208.04094848632812
load_ms_p50,1.453076500069983
load_ms_p95,2.1643378001272064
load_ms_avg,1.5900855750146548
num_new_tokens_ms_p50,3.0
num_new_tokens_ms_p95,3.0
num_new_tokens_ms_avg,3.0
preprocess_ms_p50,13.248300999975982
preprocess_ms_p95,15.4401484500795
preprocess_ms_avg,13.28136849999737
e2e_avg(ms),208.04094848632812
