mme_acc,0.625
mme_count_q,40
mme_acc_plus,0.25
mme_count_pair,20
end2end_ms_p50,249.5
end2end_ms_p95,250.54401473999025
end2end_ms_avg,245.99061965942383
load_ms_p50,0.5388109966588672
load_ms_p95,0.7071595500747208
load_ms_avg,0.5507859244971769
num_new_tokens_ms_p50,4.0
num_new_tokens_ms_p95,4.0
num_new_tokens_ms_avg,3.95
preprocess_ms_p50,11.859903002914507
preprocess_ms_p95,13.359178652535773
preprocess_ms_avg,12.040438074836857
e2e_avg(ms),245.99061965942383
