exact_match,0.8
count,40
vqa_soft_acc,0.2666666666666667
end2end_ms_p50,201.1973114013672
end2end_ms_p95,204.82701568603514
end2end_ms_avg,201.16115379333496
load_ms_p50,1.749768499990978
load_ms_p95,9.520523599974101
load_ms_avg,4.896822074999818
num_new_tokens_ms_p50,3.0
num_new_tokens_ms_p95,3.0
num_new_tokens_ms_avg,3.0
preprocess_ms_p50,12.283417500015048
preprocess_ms_p95,32.89548660002281
preprocess_ms_avg,19.2435016999994
e2e_avg(ms),201.16115379333496
